ID_DIA,ID_SEMANA,ID_LOJA,NOME_LOJA,DESC_STORE2,ZONA_REGION,DESC_REGIAO,DESC_CITY,MORADA,CLIENTE_ERRADO_003,CLIENTE_OK_003,TOTAL_POS_003,TOTAL_TRANSACCIONES_CLIENTE_FE_003,TOTAL_TRANSACCIONES_CLIENTE_ID_003,TOTAL_TRANSACCIONES_SIN_CLIENTE_003,TOTAL_TR_CLIENTE_FE_TIENDA_003,TOTAL_TR_CLIENTE_ID_TIENDA_003,TOTAL_TR_SIN_CLIENTE_TIENDA_003,VALOR_PV_003,CLIENTE_ERRADO_002,CLIENTE_OK_002,TOTAL_POS_002,TOTAL_TRANSACCIONES_CLIENTE_FE_002,TOTAL_TRANSACCIONES_CLIENTE_ID_002,TOTAL_TRANSACCIONES_SIN_CLIENTE_002,TOTAL_TR_CLIENTE_FE_TIENDA_002,TOTAL_TR_CLIENTE_ID_TIENDA_002,TOTAL_TR_SIN_CLIENTE_TIENDA_002,VALOR_PV_002,CLIENTE_ERRADO_001,CLIENTE_OK_001,TOTAL_POS_001,TOTAL_TRANSACCIONES_CLIENTE_FE_001,TOTAL_TRANSACCIONES_CLIENTE_ID_001,TOTAL_TRANSACCIONES_SIN_CLIENTE_001,TOTAL_TR_CLIENTE_FE_TIENDA_001,TOTAL_TR_CLIENTE_ID_TIENDA_001,TOTAL_TR_SIN_CLIENTE_TIENDA_001,VALOR_PV_001,CLIENTE_ERRADO_004,CLIENTE_OK_004,TOTAL_POS_004,TOTAL_TRANSACCIONES_CLIENTE_FE_004,TOTAL_TRANSACCIONES_CLIENTE_ID_004,TOTAL_TRANSACCIONES_SIN_CLIENTE_004,TOTAL_TR_CLIENTE_FE_TIENDA_004,TOTAL_TR_CLIENTE_ID_TIENDA_004,TOTAL_TR_SIN_CLIENTE_TIENDA_004,VALOR_PV_004,CLIENTE_ERRADO_005,CLIENTE_OK_005,TOTAL_POS_005,TOTAL_TRANSACCIONES_CLIENTE_FE_005,TOTAL_TRANSACCIONES_CLIENTE_ID_005,TOTAL_TRANSACCIONES_SIN_CLIENTE_005,TOTAL_TR_CLIENTE_FE_TIENDA_005,TOTAL_TR_CLIENTE_ID_TIENDA_005,TOTAL_TR_SIN_CLIENTE_TIENDA_005,VALOR_PV_005,VALOR_PV,TOTAL_TRANSACCIONES_SIN_CLIENTE,TOTAL_TRANSACCIONES_CLIENTE_ID,TOTAL_TRANSACCIONES_CLIENTE_FE,CLIENTE_OK,CLIENTE_ERRADO,TOTAL_POS,TOTAL_TR_SIN_CLIENTE_TIENDA,TOTAL_TR_CLIENTE_ID_TIENDA,TOTAL_TR_CLIENTE_FE_TIENDA,COBERTURA_ID,COBERTURA_NO_ID,COBERTURA_ERRADOS,TOTAL_ACUMULADO,TOTAL_ID_ACUMULADO,TOTAL_ID_POS_001,TOTAL_NO_ID_POS_001,TOTAL_ID_POS_002,TOTAL_NO_ID_POS_002,TOTAL_ID_POS_003,TOTAL_NO_ID_POS_003,TOTAL_ID_POS_004,TOTAL_NO_ID_POS_004,TOTAL_ID_POS_005,TOTAL_NO_ID_POS_005,COBERTURA_DIARIA
2024-02-06,6,0297,BOGOTA CHICO NORTE TRES,BTA CHICO NORTE TRES,CENTRO,REGION 4,Santafe de Bogota,CL 100 # 17- 13,0.0,8.0,281.0,4.0,4.0,273.0,9.0,5.0,614.0,5638613.949579832,0.0,6.0,347.0,5.0,1.0,341.0,9.0,5.0,614.0,4866590.99719888,0.0,0.0,0.0,0.0,0.0,0.0,0.0,0.0,0.0,0.0,0.0,0.0,0.0,0.0,0.0,0.0,0.0,0.0,0.0,0.0,0.0,0.0,0.0,0.0,0.0,0.0,0.0,0.0,0.0,0.0,10505204.946778711,614.0,5.0,9.0,14.0,0.0,628.0,1228.0,10.0,18.0,0.022292993630573247,0.9777070063694268,0.0,64326.0,36344.0,0.0,0.0,6.0,341.0,8.0,273.0,0.0,0.0,0.0,0.0,0.24960073009354322
2024-02-06,6,0980,NEIVA CANAIMA,NEIVA CANAIMA,CENTRO,REGION 7,Neiva,CL 21 S #28-36,2.0,27.0,276.0,1.0,29.0,246.0,1.0,245.0,443.0,9910134.112044819,12.0,94.0,226.0,0.0,106.0,120.0,1.0,245.0,443.0,8259630.725490196,14.0,91.0,187.0,0.0,110.0,77.0,1.0,245.0,443.0,5745351.364145658,0.0,0.0,0.0,0.0,0.0,0.0,0.0,0.0,0.0,0.0,0.0,0.0,0.0,0.0,0.0,0.0,0.0,0.0,0.0,0.0,23915116.201680675,443.0,245.0,1.0,212.0,28.0,689.0,1329.0,735.0,3.0,0.3570391872278665,0.6429608127721336,0.040638606676342524,64326.0,36344.0,110.0,77.0,106.0,120.0,30.0,246.0,0.0,0.0,0.0,0.0,0.24960073009354322
2024-02-06,6,1000,BOGOTA LA MARIPOSA,BOGOTA LA MARIPOSA,CENTRO,REGION 4,Santafe de Bogota,CL 163A # 5B-10,5.0,64.0,83.0,0.0,71.0,12.0,0.0,388.0,509.0,2611253.8851540615,10.0,99.0,247.0,0.0,109.0,138.0,0.0,388.0,509.0,6829484.694677871,14.0,189.0,567.0,0.0,208.0,359.0,0.0,388.0,509.0,14409907.719887955,0.0,0.0,0.0,0.0,0.0,0.0,0.0,0.0,0.0,0.0,0.0,0.0,0.0,0.0,0.0,0.0,0.0,0.0,0.0,0.0,23850646.299719885,509.0,388.0,0.0,352.0,29.0,897.0,1527.0,1164.0,0.0,0.43255295429208473,0.5674470457079153,0.032329988851727984,64326.0,36344.0,208.0,359.0,109.0,138.0,71.0,12.0,0.0,0.0,0.0,0.0,0.24960073009354322
2024-02-07,6,0175,SOACHA CENTRO,CENTRO,CENTRO,REGION 3,Soacha,CR 7 # 15-59,3.0,83.0,100.0,0.0,87.0,13.0,3.0,496.0,498.0,2486369.338935574,1.0,21.0,199.0,0.0,22.0,177.0,3.0,496.0,498.0,6287129.06442577,17.0,279.0,585.0,3.0,295.0,287.0,3.0,496.0,498.0,19162713.61904762,11.0,81.0,113.0,0.0,92.0,21.0,3.0,496.0,498.0,4147455.4033613447,0.0,0.0,0.0,0.0,0.0,0.0,0.0,0.0,0.0,0.0,32083667.425770305,498.0,496.0,3.0,464.0,32.0,997.0,1992.0,1984.0,12.0,0.5005015045135406,0.49949849548645936,0.0320962888665998,64326.0,36344.0,298.0,287.0,22.0,177.0,87.0,13.0,92.0,21.0,0.0,0.0,0.43424059837938916
2024-02-07,6,0297,BOGOTA CHICO NORTE TRES,BTA CHICO NORTE TRES,CENTRO,REGION 4,Santafe de Bogota,CL 100 # 17- 13,27.0,220.0,407.0,6.0,242.0,159.0,7.0,568.0,468.0,7051197.277310925,17.0,302.0,382.0,1.0,325.0,56.0,7.0,568.0,468.0,5844549.31092437,0.0,1.0,254.0,0.0,1.0,253.0,7.0,568.0,468.0,6066352.62464986,0.0,0.0,0.0,0.0,0.0,0.0,0.0,0.0,0.0,0.0,0.0,0.0,0.0,0.0,0.0,0.0,0.0,0.0,0.0,0.0,18962099.212885156,468.0,568.0,7.0,523.0,44.0,1043.0,1404.0,1704.0,21.0,0.551294343240652,0.44870565675934804,0.04218600191754554,64326.0,36344.0,1.0,253.0,326.0,56.0,248.0,159.0,0.0,0.0,0.0,0.0,0.43424059837938916
2024-02-07,6,0513,CUCUTA AVENIDA 5,CUCUTA AVENIDA 5,CENTRO,REGION 11,Cucuta,AV 5 # 11-69,5.0,21.0,288.0,1.0,25.0,262.0,5.0,123.0,950.0,5887808.87114846,1.0,14.0,305.0,2.0,13.0,290.0,5.0,123.0,950.0,7023251.722689075,0.0,0.0,0.0,0.0,0.0,0.0,0.0,0.0,0.0,0.0,3.0,58.0,190.0,1.0,62.0,127.0,5.0,123.0,950.0,4212075.571428572,5.0,19.0,295.0,1.0,23.0,271.0,5.0,123.0,950.0,6480991.946778712,23604128.11204482,950.0,123.0,5.0,112.0,14.0,1078.0,3800.0,492.0,20.0,0.11873840445269017,0.8812615955473099,0.012987012987012988,64326.0,36344.0,0.0,0.0,15.0,290.0,26.0,262.0,63.0,127.0,24.0,271.0,0.43424059837938916
2024-02-07,6,0980,NEIVA CANAIMA,NEIVA CANAIMA,CENTRO,REGION 7,Neiva,CL 21 S #28-36,1.0,21.0,67.0,0.0,22.0,45.0,2.0,100.0,514.0,2070805.2857142857,11.0,50.0,177.0,1.0,60.0,116.0,2.0,100.0,514.0,4307655.512605042,1.0,18.0,372.0,1.0,18.0,353.0,2.0,100.0,514.0,9600606.55742297,0.0,0.0,0.0,0.0,0.0,0.0,0.0,0.0,0.0,0.0,0.0,0.0,0.0,0.0,0.0,0.0,0.0,0.0,0.0,0.0,15979067.355742298,514.0,100.0,2.0,89.0,13.0,616.0,1542.0,300.0,6.0,0.16558441558441558,0.8344155844155844,0.021103896103896104,64326.0,36344.0,19.0,353.0,61.0,116.0,22.0,45.0,0.0,0.0,0.0,0.0,0.43424059837938916
2024-02-07,6,1000,BOGOTA LA MARIPOSA,BOGOTA LA MARIPOSA,CENTRO,REGION 4,Santafe de Bogota,CL 163A # 5B-10,12.0,99.0,156.0,0.0,113.0,43.0,0.0,786.0,293.0,4510052.711484594,15.0,171.0,252.0,0.0,186.0,66.0,0.0,786.0,293.0,6228653.616246498,29.0,444.0,671.0,0.0,487.0,184.0,0.0,786.0,293.0,13986698.635854341,0.0,0.0,0.0,0.0,0.0,0.0,0.0,0.0,0.0,0.0,0.0,0.0,0.0,0.0,0.0,0.0,0.0,0.0,0.0,0.0,24725404.963585433,293.0,786.0,0.0,714.0,56.0,1079.0,879.0,2358.0,0.0,0.7284522706209453,0.2715477293790547,0.051899907321594066,64326.0,36344.0,487.0,184.0,186.0,66.0,113.0,43.0,0.0,0.0,0.0,0.0,0.43424059837938916
2024-02-08,6,0175,SOACHA CENTRO,CENTRO,CENTRO,REGION 3,Soacha,CR 7 # 15-59,21.0,117.0,166.0,0.0,139.0,27.0,1.0,338.0,586.0,4652885.759103642,2.0,35.0,98.0,1.0,37.0,60.0,1.0,338.0,586.0,4021545.831932773,15.0,124.0,588.0,0.0,140.0,448.0,1.0,338.0,586.0,17099587.767507,1.0,21.0,73.0,0.0,22.0,51.0,1.0,338.0,586.0,2733811.0336134452,0.0,0.0,0.0,0.0,0.0,0.0,0.0,0.0,0.0,0.0,28507830.39215686,586.0,338.0,1.0,297.0,39.0,925.0,2344.0,1352.0,4.0,0.36648648648648646,0.6335135135135135,0.04216216216216216,64326.0,36344.0,140.0,448.0,38.0,60.0,139.0,27.0,22.0,51.0,0.0,0.0,0.28098808998676666
2024-02-08,6,0297,BOGOTA CHICO NORTE TRES,BTA CHICO NORTE TRES,CENTRO,REGION 4,Santafe de Bogota,CL 100 # 17- 13,43.0,269.0,370.0,8.0,311.0,51.0,21.0,517.0,425.0,7155004.540616247,18.0,168.0,476.0,9.0,180.0,287.0,21.0,517.0,425.0,7963435.201680672,1.0,29.0,117.0,4.0,26.0,87.0,21.0,517.0,425.0,1981462.5098039217,0.0,0.0,0.0,0.0,0.0,0.0,0.0,0.0,0.0,0.0,0.0,0.0,0.0,0.0,0.0,0.0,0.0,0.0,0.0,0.0,17099902.25210084,425.0,517.0,21.0,466.0,62.0,963.0,1275.0,1551.0,63.0,0.5586708203530634,0.44132917964693663,0.06438213914849429,64326.0,36344.0,30.0,87.0,189.0,287.0,319.0,51.0,0.0,0.0,0.0,0.0,0.28098808998676666
2024-02-08,6,0513,CUCUTA AVENIDA 5,CUCUTA AVENIDA 5,CENTRO,REGION 11,Cucuta,AV 5 # 11-69,0.0,3.0,127.0,0.0,3.0,124.0,0.0,72.0,921.0,3486418.700280112,6.0,61.0,240.0,0.0,67.0,173.0,0.0,72.0,921.0,6441431.593837535,0.0,0.0,0.0,0.0,0.0,0.0,0.0,0.0,0.0,0.0,1.0,1.0,314.0,0.0,2.0,312.0,0.0,72.0,921.0,6779868.232492997,0.0,0.0,312.0,0.0,0.0,312.0,0.0,72.0,921.0,7518619.610644258,24226338.137254905,921.0,72.0,0.0,65.0,7.0,993.0,3684.0,288.0,0.0,0.07250755287009064,0.9274924471299094,0.007049345417925478,64326.0,36344.0,0.0,0.0,67.0,173.0,3.0,124.0,2.0,312.0,0.0,312.0,0.28098808998676666
2024-02-08,6,0980,NEIVA CANAIMA,NEIVA CANAIMA,CENTRO,REGION 7,Neiva,CL 21 S #28-36,1.0,12.0,83.0,1.0,12.0,70.0,3.0,82.0,559.0,2547195.067226891,1.0,1.0,237.0,0.0,2.0,235.0,3.0,82.0,559.0,6744043.196078432,11.0,59.0,324.0,2.0,68.0,254.0,3.0,82.0,559.0,9465420.68347339,0.0,0.0,0.0,0.0,0.0,0.0,0.0,0.0,0.0,0.0,0.0,0.0,0.0,0.0,0.0,0.0,0.0,0.0,0.0,0.0,18756658.946778715,559.0,82.0,3.0,72.0,13.0,644.0,1677.0,246.0,9.0,0.13198757763975155,0.8680124223602484,0.020186335403726708,64326.0,36344.0,70.0,254.0,2.0,235.0,13.0,70.0,0.0,0.0,0.0,0.0,0.28098808998676666
2024-02-08,6,1000,BOGOTA LA MARIPOSA,BOGOTA LA MARIPOSA,CENTRO,REGION 4,Santafe de Bogota,CL 163A # 5B-10,14.0,79.0,191.0,0.0,93.0,98.0,0.0,240.0,769.0,3993288.6414565826,3.0,47.0,260.0,0.0,50.0,210.0,0.0,240.0,769.0,5176807.397759103,10.0,87.0,558.0,0.0,97.0,461.0,0.0,240.0,769.0,11590129.224089636,0.0,0.0,0.0,0.0,0.0,0.0,0.0,0.0,0.0,0.0,0.0,0.0,0.0,0.0,0.0,0.0,0.0,0.0,0.0,0.0,20760225.26330532,769.0,240.0,0.0,213.0,27.0,1009.0,2307.0,720.0,0.0,0.23785926660059464,0.7621407333994054,0.026759167492566897,64326.0,36344.0,97.0,461.0,50.0,210.0,93.0,98.0,0.0,0.0,0.0,0.0,0.28098808998676666
2024-02-09,6,0175,SOACHA CENTRO,CENTRO,CENTRO,REGION 3,Soacha,CR 7 # 15-59,26.0,177.0,240.0,0.0,204.0,36.0,1.0,580.0,298.0,6170097.81512605,0.0,0.0,0.0,0.0,0.0,0.0,0.0,0.0,0.0,0.0,30.0,335.0,639.0,1.0,376.0,262.0,1.0,580.0,298.0,14392186.411764706,0.0,0.0,0.0,0.0,0.0,0.0,0.0,0.0,0.0,0.0,0.0,0.0,0.0,0.0,0.0,0.0,0.0,0.0,0.0,0.0,20562284.226890758,298.0,580.0,1.0,512.0,56.0,879.0,596.0,1160.0,2.0,0.6609783845278726,0.3390216154721274,0.06370875995449374,64326.0,36344.0,377.0,262.0,0.0,0.0,204.0,36.0,0.0,0.0,0.0,0.0,0.4225540450189436
2024-02-09,6,0297,BOGOTA CHICO NORTE TRES,BTA CHICO NORTE TRES,CENTRO,REGION 4,Santafe de Bogota,CL 100 # 17- 13,37.0,227.0,316.0,9.0,257.0,50.0,15.0,450.0,505.0,5232393.915966387,17.0,148.0,417.0,4.0,162.0,251.0,15.0,450.0,505.0,6665284.789915967,5.0,28.0,237.0,2.0,31.0,204.0,15.0,450.0,505.0,3836201.1792717087,0.0,0.0,0.0,0.0,0.0,0.0,0.0,0.0,0.0,0.0,0.0,0.0,0.0,0.0,0.0,0.0,0.0,0.0,0.0,0.0,15733879.885154063,505.0,450.0,15.0,403.0,59.0,970.0,1515.0,1350.0,45.0,0.4793814432989691,0.520618556701031,0.060824742268041236,64326.0,36344.0,33.0,204.0,166.0,251.0,266.0,50.0,0.0,0.0,0.0,0.0,0.4225540450189436
2024-02-09,6,0513,CUCUTA AVENIDA 5,CUCUTA AVENIDA 5,CENTRO,REGION 11,Cucuta,AV 5 # 11-69,0.0,1.0,2.0,0.0,1.0,1.0,4.0,71.0,980.0,14926.868347338936,4.0,59.0,536.0,1.0,62.0,473.0,4.0,71.0,980.0,12503434.843137255,0.0,3.0,4.0,1.0,2.0,1.0,4.0,71.0,980.0,106058.79831932773,0.0,6.0,294.0,1.0,5.0,288.0,4.0,71.0,980.0,7896131.8907563025,0.0,2.0,219.0,1.0,1.0,217.0,4.0,71.0,980.0,5181495.176470588,25702047.577030815,980.0,71.0,4.0,71.0,4.0,1055.0,4900.0,355.0,20.0,0.07109004739336493,0.9289099526066351,0.0037914691943127963,64326.0,36344.0,3.0,1.0,63.0,473.0,1.0,1.0,6.0,288.0,2.0,217.0,0.4225540450189436
2024-02-09,6,0980,NEIVA CANAIMA,NEIVA CANAIMA,CENTRO,REGION 7,Neiva,CL 21 S #28-36,0.0,0.0,111.0,0.0,0.0,111.0,2.0,184.0,433.0,2796108.9243697478,4.0,18.0,131.0,1.0,21.0,109.0,2.0,184.0,433.0,4627032.509803922,23.0,139.0,377.0,1.0,163.0,213.0,2.0,184.0,433.0,10448186.6162465,0.0,0.0,0.0,0.0,0.0,0.0,0.0,0.0,0.0,0.0,0.0,0.0,0.0,0.0,0.0,0.0,0.0,0.0,0.0,0.0,17871328.05042017,433.0,184.0,2.0,157.0,27.0,619.0,1299.0,552.0,6.0,0.30048465266558966,0.6995153473344103,0.04361873990306947,64326.0,36344.0,164.0,213.0,22.0,109.0,0.0,111.0,0.0,0.0,0.0,0.0,0.4225540450189436
2024-02-09,6,1000,BOGOTA LA MARIPOSA,BOGOTA LA MARIPOSA,CENTRO,REGION 4,Santafe de Bogota,CL 163A # 5B-10,0.0,4.0,64.0,0.0,4.0,60.0,0.0,589.0,375.0,1085692.324929972,29.0,229.0,422.0,0.0,262.0,160.0,0.0,589.0,375.0,7702059.607843137,43.0,273.0,478.0,0.0,323.0,155.0,0.0,589.0,375.0,9675902.957983194,0.0,0.0,0.0,0.0,0.0,0.0,0.0,0.0,0.0,0.0,0.0,0.0,0.0,0.0,0.0,0.0,0.0,0.0,0.0,0.0,18463654.8907563,375.0,589.0,0.0,506.0,72.0,964.0,1125.0,1767.0,0.0,0.6109958506224067,0.38900414937759337,0.07468879668049792,64326.0,36344.0,323.0,155.0,262.0,160.0,4.0,60.0,0.0,0.0,0.0,0.0,0.4225540450189436
2024-02-10,6,0175,SOACHA CENTRO,CENTRO,CENTRO,REGION 3,Soacha,CR 7 # 15-59,15.0,142.0,287.0,0.0,158.0,129.0,2.0,452.0,553.0,8815238.773109244,0.0,0.0,0.0,0.0,0.0,0.0,0.0,0.0,0.0,0.0,15.0,210.0,557.0,2.0,223.0,332.0,2.0,452.0,553.0,18139077.11204482,4.0,67.0,163.0,0.0,71.0,92.0,2.0,452.0,553.0,4880995.428571428,0.0,0.0,0.0,0.0,0.0,0.0,0.0,0.0,0.0,0.0,31835311.31372549,553.0,452.0,2.0,419.0,34.0,1007.0,1659.0,1356.0,6.0,0.45084409136047665,0.5491559086395233,0.033763654419066536,64326.0,36344.0,225.0,332.0,0.0,0.0,158.0,129.0,71.0,92.0,0.0,0.0,0.39572781325699186
2024-02-10,6,0297,BOGOTA CHICO NORTE TRES,BTA CHICO NORTE TRES,CENTRO,REGION 4,Santafe de Bogota,CL 100 # 17- 13,24.0,149.0,204.0,4.0,169.0,31.0,6.0,519.0,126.0,3978086.9243697478,14.0,127.0,199.0,0.0,141.0,58.0,6.0,519.0,126.0,3246423.6694677873,26.0,173.0,248.0,2.0,209.0,37.0,6.0,519.0,126.0,5454474.397759103,0.0,0.0,0.0,0.0,0.0,0.0,0.0,0.0,0.0,0.0,0.0,0.0,0.0,0.0,0.0,0.0,0.0,0.0,0.0,0.0,12678984.99159664,126.0,519.0,6.0,449.0,64.0,651.0,378.0,1557.0,18.0,0.8064516129032258,0.1935483870967742,0.09831029185867896,64326.0,36344.0,211.0,37.0,141.0,58.0,173.0,31.0,0.0,0.0,0.0,0.0,0.39572781325699186
2024-02-10,6,0980,NEIVA CANAIMA,NEIVA CANAIMA,CENTRO,REGION 7,Neiva,CL 21 S #28-36,5.0,39.0,95.0,0.0,44.0,51.0,4.0,330.0,468.0,4301793.173669468,7.0,58.0,228.0,2.0,63.0,163.0,4.0,330.0,468.0,7078656.294117647,144.0,69.0,479.0,2.0,223.0,254.0,4.0,330.0,468.0,16233113.649859944,0.0,0.0,0.0,0.0,0.0,0.0,0.0,0.0,0.0,0.0,0.0,0.0,0.0,0.0,0.0,0.0,0.0,0.0,0.0,0.0,27613563.11764706,468.0,330.0,4.0,166.0,156.0,802.0,1404.0,990.0,12.0,0.4164588528678304,0.5835411471321695,0.19451371571072318,64326.0,36344.0,225.0,254.0,65.0,163.0,44.0,51.0,0.0,0.0,0.0,0.0,0.39572781325699186
2024-02-10,6,1000,BOGOTA LA MARIPOSA,BOGOTA LA MARIPOSA,CENTRO,REGION 4,Santafe de Bogota,CL 163A # 5B-10,1.0,24.0,106.0,0.0,25.0,81.0,0.0,462.0,530.0,2444077.62464986,20.0,119.0,281.0,0.0,139.0,142.0,0.0,462.0,530.0,6855571.406162465,22.0,271.0,605.0,0.0,298.0,307.0,0.0,462.0,530.0,14020605.55742297,0.0,0.0,0.0,0.0,0.0,0.0,0.0,0.0,0.0,0.0,0.0,0.0,0.0,0.0,0.0,0.0,0.0,0.0,0.0,0.0,23320254.588235296,530.0,462.0,0.0,414.0,43.0,992.0,1590.0,1386.0,0.0,0.4657258064516129,0.5342741935483871,0.04334677419354839,64326.0,36344.0,298.0,307.0,139.0,142.0,25.0,81.0,0.0,0.0,0.0,0.0,0.39572781325699186
2024-02-11,6,0175,SOACHA CENTRO,CENTRO,CENTRO,REGION 3,Soacha,CR 7 # 15-59,3.0,28.0,208.0,0.0,31.0,177.0,0.0,454.0,612.0,8332646.789915967,16.0,82.0,167.0,0.0,98.0,69.0,0.0,454.0,612.0,6434989.778711485,12.0,169.0,499.0,0.0,185.0,314.0,0.0,454.0,612.0,22266413.86554622,5.0,133.0,192.0,0.0,140.0,52.0,0.0,454.0,612.0,8386770.722689075,0.0,0.0,0.0,0.0,0.0,0.0,0.0,0.0,0.0,0.0,45420821.15686275,612.0,454.0,0.0,412.0,36.0,1066.0,2448.0,1816.0,0.0,0.425891181988743,0.574108818011257,0.03377110694183865,64326.0,36344.0,185.0,314.0,98.0,69.0,31.0,177.0,140.0,52.0,0.0,0.0,0.33207902163687675
2024-02-11,6,0297,BOGOTA CHICO NORTE TRES,BTA CHICO NORTE TRES,CENTRO,REGION 4,Santafe de Bogota,CL 100 # 17- 13,22.0,82.0,171.0,2.0,104.0,65.0,4.0,318.0,137.0,4056010.086834734,5.0,20.0,49.0,0.0,25.0,24.0,4.0,318.0,137.0,1043060.9383753501,30.0,159.0,239.0,2.0,189.0,48.0,4.0,318.0,137.0,7372246.210084033,0.0,0.0,0.0,0.0,0.0,0.0,0.0,0.0,0.0,0.0,0.0,0.0,0.0,0.0,0.0,0.0,0.0,0.0,0.0,0.0,12471317.235294119,137.0,318.0,4.0,261.0,57.0,459.0,411.0,954.0,12.0,0.7015250544662309,0.2984749455337691,0.12418300653594772,64326.0,36344.0,191.0,48.0,25.0,24.0,106.0,65.0,0.0,0.0,0.0,0.0,0.33207902163687675
2024-02-11,6,0980,NEIVA CANAIMA,NEIVA CANAIMA,CENTRO,REGION 7,Neiva,CL 21 S #28-36,3.0,15.0,124.0,0.0,18.0,106.0,1.0,293.0,701.0,4005994.1596638653,68.0,92.0,393.0,1.0,162.0,230.0,1.0,293.0,701.0,13135783.74229692,16.0,95.0,478.0,0.0,113.0,365.0,1.0,293.0,701.0,16246878.207282914,0.0,0.0,0.0,0.0,0.0,0.0,0.0,0.0,0.0,0.0,0.0,0.0,0.0,0.0,0.0,0.0,0.0,0.0,0.0,0.0,33388656.1092437,701.0,293.0,1.0,202.0,87.0,995.0,2103.0,879.0,3.0,0.29547738693467335,0.7045226130653266,0.08743718592964825,64326.0,36344.0,113.0,365.0,163.0,230.0,18.0,106.0,0.0,0.0,0.0,0.0,0.33207902163687675
2024-02-11,6,1000,BOGOTA LA MARIPOSA,BOGOTA LA MARIPOSA,CENTRO,REGION 4,Santafe de Bogota,CL 163A # 5B-10,5.0,95.0,129.0,0.0,101.0,28.0,1.0,329.0,693.0,3786025.5770308124,13.0,105.0,311.0,0.0,120.0,191.0,1.0,329.0,693.0,9474984.577030811,10.0,98.0,583.0,1.0,108.0,474.0,1.0,329.0,693.0,13871958.420168066,0.0,0.0,0.0,0.0,0.0,0.0,0.0,0.0,0.0,0.0,0.0,0.0,0.0,0.0,0.0,0.0,0.0,0.0,0.0,0.0,27132968.574229687,693.0,329.0,1.0,298.0,28.0,1023.0,2079.0,987.0,3.0,0.3225806451612903,0.6774193548387096,0.02737047898338221,64326.0,36344.0,109.0,474.0,120.0,191.0,101.0,28.0,0.0,0.0,0.0,0.0,0.33207902163687675
2024-02-12,7,0175,SOACHA CENTRO,CENTRO,CENTRO,REGION 3,Soacha,CR 7 # 15-59,21.0,143.0,261.0,0.0,164.0,97.0,1.0,648.0,285.0,8737124.098039215,0.0,0.0,0.0,0.0,0.0,0.0,0.0,0.0,0.0,0.0,33.0,391.0,566.0,1.0,431.0,134.0,1.0,648.0,285.0,16198723.532212885,2.0,50.0,107.0,0.0,53.0,54.0,1.0,648.0,285.0,3321645.5826330534,0.0,0.0,0.0,0.0,0.0,0.0,0.0,0.0,0.0,0.0,28257493.212885153,285.0,648.0,1.0,584.0,56.0,934.0,855.0,1944.0,3.0,0.6948608137044968,0.30513918629550324,0.059957173447537475,64326.0,36344.0,432.0,134.0,0.0,0.0,164.0,97.0,53.0,54.0,0.0,0.0,0.39727748691099474
2024-02-12,7,0297,BOGOTA CHICO NORTE TRES,BTA CHICO NORTE TRES,CENTRO,REGION 4,Santafe de Bogota,CL 100 # 17- 13,7.0,82.0,170.0,3.0,90.0,77.0,13.0,651.0,332.0,2555434.655462185,27.0,188.0,265.0,4.0,211.0,50.0,13.0,651.0,332.0,4181757.1904761903,238.0,96.0,561.0,6.0,350.0,205.0,13.0,651.0,332.0,9366836.30812325,0.0,0.0,0.0,0.0,0.0,0.0,0.0,0.0,0.0,0.0,0.0,0.0,0.0,0.0,0.0,0.0,0.0,0.0,0.0,0.0,16104028.154061625,332.0,651.0,13.0,366.0,272.0,996.0,996.0,1953.0,39.0,0.6666666666666666,0.3333333333333333,0.27309236947791166,64326.0,36344.0,356.0,205.0,215.0,50.0,93.0,77.0,0.0,0.0,0.0,0.0,0.39727748691099474
2024-02-12,7,0980,NEIVA CANAIMA,NEIVA CANAIMA,CENTRO,REGION 7,Neiva,CL 21 S #28-36,1.0,18.0,43.0,0.0,19.0,24.0,4.0,130.0,565.0,1362398.644257703,2.0,29.0,265.0,1.0,31.0,233.0,4.0,130.0,565.0,7594217.649859944,21.0,59.0,391.0,3.0,80.0,308.0,4.0,130.0,565.0,11854585.06722689,0.0,0.0,0.0,0.0,0.0,0.0,0.0,0.0,0.0,0.0,0.0,0.0,0.0,0.0,0.0,0.0,0.0,0.0,0.0,0.0,20811201.36134454,565.0,130.0,4.0,106.0,24.0,699.0,1695.0,390.0,12.0,0.1917024320457797,0.8082975679542204,0.034334763948497854,64326.0,36344.0,83.0,308.0,32.0,233.0,19.0,24.0,0.0,0.0,0.0,0.0,0.39727748691099474
2024-02-12,7,1000,BOGOTA LA MARIPOSA,BOGOTA LA MARIPOSA,CENTRO,REGION 4,Santafe de Bogota,CL 163A # 5B-10,5.0,57.0,97.0,0.0,62.0,35.0,0.0,440.0,544.0,2383166.87394958,7.0,118.0,301.0,0.0,125.0,176.0,0.0,440.0,544.0,7208078.039215687,26.0,221.0,586.0,0.0,253.0,333.0,0.0,440.0,544.0,11341885.18767507,0.0,0.0,0.0,0.0,0.0,0.0,0.0,0.0,0.0,0.0,0.0,0.0,0.0,0.0,0.0,0.0,0.0,0.0,0.0,0.0,20933130.100840338,544.0,440.0,0.0,396.0,38.0,984.0,1632.0,1320.0,0.0,0.44715447154471544,0.5528455284552846,0.03861788617886179,64326.0,36344.0,253.0,333.0,125.0,176.0,62.0,35.0,0.0,0.0,0.0,0.0,0.39727748691099474
2024-02-13,7,0175,SOACHA CENTRO,CENTRO,CENTRO,REGION 3,Soacha,CR 7 # 15-59,15.0,97.0,127.0,0.0,112.0,15.0,0.0,715.0,176.0,3269278.212885154,7.0,42.0,57.0,0.0,50.0,7.0,0.0,715.0,176.0,1365967.974789916,19.0,279.0,405.0,0.0,301.0,104.0,0.0,715.0,176.0,9439764.789915966,20.0,228.0,302.0,0.0,252.0,50.0,0.0,715.0,176.0,8862729.596638655,0.0,0.0,0.0,0.0,0.0,0.0,0.0,0.0,0.0,0.0,22937740.57422969,176.0,715.0,0.0,646.0,61.0,891.0,704.0,2860.0,0.0,0.8024691358024691,0.19753086419753085,0.06846240179573512,64326.0,36344.0,301.0,104.0,50.0,7.0,112.0,15.0,252.0,50.0,0.0,0.0,0.6812878133102852
2024-02-13,7,0297,BOGOTA CHICO NORTE TRES,BTA CHICO NORTE TRES,CENTRO,REGION 4,Santafe de Bogota,CL 100 # 17- 13,11.0,140.0,255.0,7.0,144.0,104.0,13.0,619.0,329.0,2906837.862745098,17.0,168.0,236.0,3.0,183.0,50.0,13.0,619.0,329.0,3199667.0532212886,176.0,40.0,470.0,3.0,292.0,175.0,13.0,619.0,329.0,7817354.521008403,0.0,0.0,0.0,0.0,0.0,0.0,0.0,0.0,0.0,0.0,0.0,0.0,0.0,0.0,0.0,0.0,0.0,0.0,0.0,0.0,13923859.43697479,329.0,619.0,13.0,348.0,204.0,961.0,987.0,1857.0,39.0,0.6576482830385015,0.34235171696149846,0.21227887617065558,64326.0,36344.0,295.0,175.0,186.0,50.0,151.0,104.0,0.0,0.0,0.0,0.0,0.6812878133102852
2024-02-13,7,0980,NEIVA CANAIMA,NEIVA CANAIMA,CENTRO,REGION 7,Neiva,CL 21 S #28-36,14.0,99.0,149.0,0.0,114.0,35.0,5.0,391.0,279.0,5103021.675070028,2.0,48.0,94.0,0.0,50.0,44.0,5.0,391.0,279.0,2345827.0392156863,40.0,185.0,432.0,5.0,227.0,200.0,5.0,391.0,279.0,11729034.719887955,0.0,0.0,0.0,0.0,0.0,0.0,0.0,0.0,0.0,0.0,0.0,0.0,0.0,0.0,0.0,0.0,0.0,0.0,0.0,0.0,19177883.43417367,279.0,391.0,5.0,332.0,56.0,675.0,837.0,1173.0,15.0,0.5866666666666667,0.41333333333333333,0.08296296296296296,64326.0,36344.0,232.0,200.0,50.0,44.0,114.0,35.0,0.0,0.0,0.0,0.0,0.6812878133102852
2024-02-13,7,1000,BOGOTA LA MARIPOSA,BOGOTA LA MARIPOSA,CENTRO,REGION 4,Santafe de Bogota,CL 163A # 5B-10,10.0,169.0,239.0,0.0,180.0,59.0,0.0,740.0,241.0,4669984.733893557,11.0,166.0,215.0,0.0,183.0,32.0,0.0,740.0,241.0,4314238.887955182,32.0,338.0,527.0,0.0,377.0,150.0,0.0,740.0,241.0,10669314.977591036,0.0,0.0,0.0,0.0,0.0,0.0,0.0,0.0,0.0,0.0,0.0,0.0,0.0,0.0,0.0,0.0,0.0,0.0,0.0,0.0,19653538.599439777,241.0,740.0,0.0,673.0,53.0,981.0,723.0,2220.0,0.0,0.7543323139653415,0.24566768603465852,0.05402650356778797,64326.0,36344.0,377.0,150.0,183.0,32.0,180.0,59.0,0.0,0.0,0.0,0.0,0.6812878133102852
2024-02-14,7,0175,SOACHA CENTRO,CENTRO,CENTRO,REGION 3,Soacha,CR 7 # 15-59,9.0,69.0,104.0,0.0,78.0,26.0,4.0,555.0,331.0,2218955.100840336,0.0,2.0,202.0,1.0,1.0,200.0,4.0,555.0,331.0,5681290.095238095,59.0,381.0,500.0,1.0,445.0,54.0,4.0,555.0,331.0,12106105.99439776,3.0,30.0,84.0,2.0,31.0,51.0,4.0,555.0,331.0,1950063.0196078431,0.0,0.0,0.0,0.0,0.0,0.0,0.0,0.0,0.0,0.0,21956414.210084032,331.0,555.0,4.0,482.0,71.0,890.0,1324.0,2220.0,16.0,0.6280898876404495,0.37191011235955057,0.07977528089887641,64326.0,36344.0,446.0,54.0,2.0,200.0,78.0,26.0,33.0,51.0,0.0,0.0,0.672428694900605
2024-02-14,7,0297,BOGOTA CHICO NORTE TRES,BTA CHICO NORTE TRES,CENTRO,REGION 4,Santafe de Bogota,CL 100 # 17- 13,24.0,119.0,166.0,0.0,145.0,21.0,10.0,465.0,514.0,3103112.3641456584,6.0,38.0,308.0,6.0,40.0,262.0,10.0,465.0,514.0,4140949.6666666665,116.0,62.0,515.0,4.0,280.0,231.0,10.0,465.0,514.0,9583278.112044819,0.0,0.0,0.0,0.0,0.0,0.0,0.0,0.0,0.0,0.0,0.0,0.0,0.0,0.0,0.0,0.0,0.0,0.0,0.0,0.0,16827340.14285714,514.0,465.0,10.0,219.0,146.0,989.0,1542.0,1395.0,30.0,0.48028311425682507,0.5197168857431749,0.14762386248736098,64326.0,36344.0,284.0,231.0,46.0,262.0,145.0,21.0,0.0,0.0,0.0,0.0,0.672428694900605
2024-02-14,7,0980,NEIVA CANAIMA,NEIVA CANAIMA,CENTRO,REGION 7,Neiva,CL 21 S #28-36,10.0,92.0,156.0,0.0,103.0,53.0,6.0,390.0,300.0,4181832.7591036414,6.0,35.0,64.0,1.0,40.0,23.0,6.0,390.0,300.0,1483363.6078431373,82.0,166.0,476.0,5.0,247.0,224.0,6.0,390.0,300.0,11280623.789915966,0.0,0.0,0.0,0.0,0.0,0.0,0.0,0.0,0.0,0.0,0.0,0.0,0.0,0.0,0.0,0.0,0.0,0.0,0.0,0.0,16945820.156862743,300.0,390.0,6.0,293.0,98.0,696.0,900.0,1170.0,18.0,0.5689655172413793,0.43103448275862066,0.14080459770114942,64326.0,36344.0,252.0,224.0,41.0,23.0,103.0,53.0,0.0,0.0,0.0,0.0,0.672428694900605
2024-02-14,7,1000,BOGOTA LA MARIPOSA,BOGOTA LA MARIPOSA,CENTRO,REGION 4,Santafe de Bogota,CL 163A # 5B-10,23.0,215.0,292.0,0.0,242.0,50.0,0.0,712.0,268.0,5027940.033613445,9.0,114.0,201.0,0.0,124.0,77.0,0.0,712.0,268.0,4552307.899159664,29.0,312.0,487.0,0.0,346.0,141.0,0.0,712.0,268.0,9840566.649859944,0.0,0.0,0.0,0.0,0.0,0.0,0.0,0.0,0.0,0.0,0.0,0.0,0.0,0.0,0.0,0.0,0.0,0.0,0.0,0.0,19420814.582633056,268.0,712.0,0.0,641.0,61.0,980.0,804.0,2136.0,0.0,0.726530612244898,0.27346938775510204,0.06224489795918367,64326.0,36344.0,346.0,141.0,124.0,77.0,242.0,50.0,0.0,0.0,0.0,0.0,0.672428694900605
2024-02-15,7,0175,SOACHA CENTRO,CENTRO,CENTRO,REGION 3,Soacha,CR 7 # 15-59,0.0,0.0,89.0,0.0,0.0,89.0,1.0,575.0,315.0,3013482.543417367,38.0,112.0,211.0,0.0,162.0,49.0,1.0,575.0,315.0,4903919.977591037,59.0,252.0,492.0,1.0,325.0,166.0,1.0,575.0,315.0,13999850.764705881,6.0,80.0,99.0,0.0,88.0,11.0,1.0,575.0,315.0,3281982.843137255,0.0,0.0,0.0,0.0,0.0,0.0,0.0,0.0,0.0,0.0,25199236.12885154,315.0,575.0,1.0,444.0,103.0,891.0,1260.0,2300.0,4.0,0.6464646464646465,0.35353535353535354,0.11560044893378227,64326.0,36344.0,326.0,166.0,162.0,49.0,0.0,89.0,88.0,11.0,0.0,0.0,0.769082332761578
2024-02-15,7,0297,BOGOTA CHICO NORTE TRES,BTA CHICO NORTE TRES,CENTRO,REGION 4,Santafe de Bogota,CL 100 # 17- 13,37.0,186.0,484.0,7.0,218.0,259.0,12.0,605.0,351.0,8818844.487394959,17.0,171.0,218.0,3.0,187.0,28.0,12.0,605.0,351.0,2651854.882352941,24.0,175.0,266.0,2.0,200.0,64.0,12.0,605.0,351.0,3918655.5490196077,0.0,0.0,0.0,0.0,0.0,0.0,0.0,0.0,0.0,0.0,0.0,0.0,0.0,0.0,0.0,0.0,0.0,0.0,0.0,0.0,15389354.918767508,351.0,605.0,12.0,532.0,78.0,968.0,1053.0,1815.0,36.0,0.637396694214876,0.36260330578512395,0.08057851239669421,64326.0,36344.0,202.0,64.0,190.0,28.0,225.0,259.0,0.0,0.0,0.0,0.0,0.769082332761578
2024-02-15,7,0513,CUCUTA AVENIDA 5,CUCUTA AVENIDA 5,CENTRO,REGION 11,Cucuta,AV 5 # 11-69,19.0,180.0,212.0,2.0,205.0,5.0,8.0,1075.0,44.0,4762636.756302521,54.0,127.0,192.0,1.0,184.0,7.0,8.0,1075.0,44.0,3545119.658263305,14.0,213.0,235.0,0.0,234.0,1.0,8.0,1075.0,44.0,4014839.2717086836,19.0,236.0,294.0,4.0,263.0,27.0,8.0,1075.0,44.0,6728340.487394958,11.0,168.0,194.0,1.0,189.0,4.0,8.0,1075.0,44.0,4940739.361344538,23991675.535014007,44.0,1075.0,8.0,924.0,117.0,1127.0,220.0,5375.0,40.0,0.9609582963620231,0.03904170363797693,0.10381543921916593,64326.0,36344.0,234.0,1.0,185.0,7.0,207.0,5.0,267.0,27.0,190.0,4.0,0.769082332761578
2024-02-15,7,0980,NEIVA CANAIMA,NEIVA CANAIMA,CENTRO,REGION 7,Neiva,CL 21 S #28-36,5.0,91.0,101.0,0.0,98.0,3.0,4.0,572.0,112.0,4220189.081232493,18.0,197.0,271.0,2.0,221.0,48.0,4.0,572.0,112.0,9464197.235294119,24.0,216.0,316.0,2.0,253.0,61.0,4.0,572.0,112.0,9475272.955182074,0.0,0.0,0.0,0.0,0.0,0.0,0.0,0.0,0.0,0.0,0.0,0.0,0.0,0.0,0.0,0.0,0.0,0.0,0.0,0.0,23159659.271708682,112.0,572.0,4.0,504.0,47.0,688.0,336.0,1716.0,12.0,0.8372093023255814,0.16279069767441862,0.06831395348837209,64326.0,36344.0,255.0,61.0,223.0,48.0,98.0,3.0,0.0,0.0,0.0,0.0,0.769082332761578
2024-02-15,7,1000,BOGOTA LA MARIPOSA,BOGOTA LA MARIPOSA,CENTRO,REGION 4,Santafe de Bogota,CL 163A # 5B-10,28.0,256.0,344.0,0.0,291.0,53.0,0.0,735.0,255.0,7284741.117647059,5.0,44.0,174.0,0.0,49.0,125.0,0.0,735.0,255.0,5773550.37254902,30.0,353.0,472.0,0.0,395.0,77.0,0.0,735.0,255.0,10434255.165266106,0.0,0.0,0.0,0.0,0.0,0.0,0.0,0.0,0.0,0.0,0.0,0.0,0.0,0.0,0.0,0.0,0.0,0.0,0.0,0.0,23492546.655462183,255.0,735.0,0.0,653.0,63.0,990.0,765.0,2205.0,0.0,0.7424242424242424,0.25757575757575757,0.06363636363636363,64326.0,36344.0,395.0,77.0,49.0,125.0,291.0,53.0,0.0,0.0,0.0,0.0,0.769082332761578
2024-02-16,7,0175,SOACHA CENTRO,CENTRO,CENTRO,REGION 3,Soacha,CR 7 # 15-59,0.0,0.0,69.0,0.0,0.0,69.0,2.0,756.0,171.0,3538749.700280112,11.0,80.0,158.0,0.0,91.0,67.0,2.0,756.0,171.0,4945049.711484594,101.0,429.0,587.0,1.0,559.0,27.0,2.0,756.0,171.0,19500250.94677871,6.0,99.0,115.0,1.0,106.0,8.0,2.0,756.0,171.0,5681216.406162465,0.0,0.0,0.0,0.0,0.0,0.0,0.0,0.0,0.0,0.0,33665266.76470588,171.0,756.0,2.0,608.0,118.0,929.0,684.0,3024.0,8.0,0.8159311087190527,0.18406889128094725,0.12701829924650163,64326.0,36344.0,560.0,27.0,91.0,67.0,0.0,69.0,107.0,8.0,0.0,0.0,0.8132133450395084
2024-02-16,7,0297,BOGOTA CHICO NORTE TRES,BTA CHICO NORTE TRES,CENTRO,REGION 4,Santafe de Bogota,CL 100 # 17- 13,19.0,194.0,240.0,5.0,208.0,27.0,17.0,634.0,262.0,4825844.070028011,8.0,69.0,87.0,4.0,74.0,9.0,17.0,634.0,262.0,3363887.308123249,68.0,267.0,586.0,8.0,352.0,226.0,17.0,634.0,262.0,10306356.25770308,0.0,0.0,0.0,0.0,0.0,0.0,0.0,0.0,0.0,0.0,0.0,0.0,0.0,0.0,0.0,0.0,0.0,0.0,0.0,0.0,18496087.63585434,262.0,634.0,17.0,530.0,95.0,913.0,786.0,1902.0,51.0,0.7130339539978094,0.28696604600219056,0.10405257393209201,64326.0,36344.0,360.0,226.0,78.0,9.0,213.0,27.0,0.0,0.0,0.0,0.0,0.8132133450395084
2024-02-16,7,0513,CUCUTA AVENIDA 5,CUCUTA AVENIDA 5,CENTRO,REGION 11,Cucuta,AV 5 # 11-69,9.0,128.0,141.0,1.0,138.0,2.0,4.0,996.0,68.0,3566988.1232493,7.0,106.0,123.0,1.0,117.0,5.0,4.0,996.0,68.0,2926659.0224089636,24.0,93.0,119.0,0.0,118.0,1.0,4.0,996.0,68.0,2433451.294117647,32.0,296.0,376.0,0.0,339.0,37.0,4.0,996.0,68.0,8822945.661064425,18.0,260.0,309.0,2.0,284.0,23.0,4.0,996.0,68.0,8609851.845938375,26359895.946778715,68.0,996.0,4.0,883.0,90.0,1068.0,340.0,4980.0,20.0,0.9363295880149812,0.06367041198501873,0.08426966292134831,64326.0,36344.0,118.0,1.0,118.0,5.0,139.0,2.0,339.0,37.0,286.0,23.0,0.8132133450395084
2024-02-16,7,0980,NEIVA CANAIMA,NEIVA CANAIMA,CENTRO,REGION 7,Neiva,CL 21 S #28-36,2.0,19.0,23.0,0.0,21.0,2.0,2.0,609.0,68.0,780482.0056022409,33.0,213.0,289.0,2.0,256.0,31.0,2.0,609.0,68.0,8813162.80952381,62.0,264.0,367.0,0.0,332.0,35.0,2.0,609.0,68.0,13216225.162464986,0.0,0.0,0.0,0.0,0.0,0.0,0.0,0.0,0.0,0.0,0.0,0.0,0.0,0.0,0.0,0.0,0.0,0.0,0.0,0.0,22809869.977591038,68.0,609.0,2.0,496.0,97.0,679.0,204.0,1827.0,6.0,0.8998527245949927,0.10014727540500737,0.14285714285714285,64326.0,36344.0,332.0,35.0,258.0,31.0,21.0,2.0,0.0,0.0,0.0,0.0,0.8132133450395084
2024-02-16,7,1000,BOGOTA LA MARIPOSA,BOGOTA LA MARIPOSA,CENTRO,REGION 4,Santafe de Bogota,CL 163A # 5B-10,11.0,102.0,129.0,0.0,114.0,15.0,0.0,685.0,282.0,3539682.523809524,14.0,154.0,277.0,0.0,169.0,108.0,0.0,685.0,282.0,7950195.243697479,44.0,353.0,561.0,0.0,402.0,159.0,0.0,685.0,282.0,13469963.333333334,0.0,0.0,0.0,0.0,0.0,0.0,0.0,0.0,0.0,0.0,0.0,0.0,0.0,0.0,0.0,0.0,0.0,0.0,0.0,0.0,24959841.100840338,282.0,685.0,0.0,609.0,69.0,967.0,846.0,2055.0,0.0,0.7083764219234746,0.29162357807652534,0.07135470527404343,64326.0,36344.0,402.0,159.0,169.0,108.0,114.0,15.0,0.0,0.0,0.0,0.0,0.8132133450395084
2024-02-17,7,0175,SOACHA CENTRO,CENTRO,CENTRO,REGION 3,Soacha,CR 7 # 15-59,3.0,29.0,125.0,1.0,31.0,93.0,1.0,810.0,183.0,6661480.280112045,29.0,184.0,240.0,0.0,214.0,26.0,1.0,810.0,183.0,10487142.859943978,86.0,327.0,481.0,0.0,441.0,40.0,1.0,810.0,183.0,20889525.93277311,8.0,115.0,148.0,0.0,124.0,24.0,1.0,810.0,183.0,6225068.12605042,0.0,0.0,0.0,0.0,0.0,0.0,0.0,0.0,0.0,0.0,44263217.19887955,183.0,810.0,1.0,655.0,126.0,994.0,732.0,3240.0,4.0,0.8158953722334004,0.1841046277665996,0.1267605633802817,64326.0,36344.0,441.0,40.0,214.0,26.0,32.0,93.0,124.0,24.0,0.0,0.0,0.8126306984525303
2024-02-17,7,0297,BOGOTA CHICO NORTE TRES,BTA CHICO NORTE TRES,CENTRO,REGION 4,Santafe de Bogota,CL 100 # 17- 13,23.0,243.0,330.0,5.0,271.0,54.0,5.0,530.0,104.0,7183883.4425770305,18.0,148.0,197.0,0.0,167.0,30.0,5.0,530.0,104.0,4155653.0840336136,14.0,74.0,112.0,0.0,92.0,20.0,5.0,530.0,104.0,2551275.4201680673,0.0,0.0,0.0,0.0,0.0,0.0,0.0,0.0,0.0,0.0,0.0,0.0,0.0,0.0,0.0,0.0,0.0,0.0,0.0,0.0,13890811.946778711,104.0,530.0,5.0,465.0,55.0,639.0,312.0,1590.0,15.0,0.837245696400626,0.162754303599374,0.08607198748043818,64326.0,36344.0,92.0,20.0,167.0,30.0,276.0,54.0,0.0,0.0,0.0,0.0,0.8126306984525303
2024-02-17,7,0513,CUCUTA AVENIDA 5,CUCUTA AVENIDA 5,CENTRO,REGION 11,Cucuta,AV 5 # 11-69,29.0,236.0,301.0,1.0,267.0,33.0,4.0,1064.0,69.0,7670293.708683473,16.0,270.0,304.0,2.0,290.0,12.0,4.0,1064.0,69.0,7751745.705882353,23.0,234.0,296.0,1.0,281.0,14.0,4.0,1064.0,69.0,8979222.364145659,0.0,0.0,0.0,0.0,0.0,0.0,0.0,0.0,0.0,0.0,26.0,194.0,236.0,0.0,226.0,10.0,4.0,1064.0,69.0,6355129.577030812,30756391.355742294,69.0,1064.0,4.0,934.0,94.0,1137.0,276.0,4256.0,16.0,0.9393139841688655,0.06068601583113457,0.08267370272647317,64326.0,36344.0,282.0,14.0,292.0,12.0,268.0,33.0,0.0,0.0,226.0,10.0,0.8126306984525303
2024-02-17,7,0980,NEIVA CANAIMA,NEIVA CANAIMA,CENTRO,REGION 7,Neiva,CL 21 S #28-36,18.0,160.0,206.0,2.0,177.0,27.0,7.0,804.0,112.0,6846642.658263305,30.0,203.0,264.0,1.0,236.0,27.0,7.0,804.0,112.0,8395672.226890756,130.0,255.0,453.0,4.0,391.0,58.0,7.0,804.0,112.0,14437762.99719888,0.0,0.0,0.0,0.0,0.0,0.0,0.0,0.0,0.0,0.0,0.0,0.0,0.0,0.0,0.0,0.0,0.0,0.0,0.0,0.0,29680077.88235294,112.0,804.0,7.0,618.0,178.0,923.0,336.0,2412.0,21.0,0.8786565547128927,0.12134344528710726,0.19284940411700974,64326.0,36344.0,395.0,58.0,237.0,27.0,179.0,27.0,0.0,0.0,0.0,0.0,0.8126306984525303
2024-02-17,7,1000,BOGOTA LA MARIPOSA,BOGOTA LA MARIPOSA,CENTRO,REGION 4,Santafe de Bogota,CL 163A # 5B-10,7.0,97.0,135.0,0.0,107.0,28.0,1.0,660.0,428.0,3893852.532212885,31.0,201.0,358.0,1.0,233.0,124.0,1.0,660.0,428.0,11239177.022408964,40.0,272.0,596.0,0.0,320.0,276.0,1.0,660.0,428.0,16280262.733893557,0.0,0.0,0.0,0.0,0.0,0.0,0.0,0.0,0.0,0.0,0.0,0.0,0.0,0.0,0.0,0.0,0.0,0.0,0.0,0.0,31413292.288515404,428.0,660.0,1.0,570.0,78.0,1089.0,1284.0,1980.0,3.0,0.6069788797061524,0.39302112029384756,0.07162534435261708,64326.0,36344.0,320.0,276.0,234.0,124.0,107.0,28.0,0.0,0.0,0.0,0.0,0.8126306984525303
2024-02-18,7,0175,SOACHA CENTRO,CENTRO,CENTRO,REGION 3,Soacha,CR 7 # 15-59,11.0,58.0,331.0,0.0,70.0,261.0,1.0,765.0,364.0,15813900.68627451,12.0,91.0,107.0,0.0,103.0,4.0,1.0,765.0,364.0,4798645.350140056,144.0,306.0,529.0,1.0,479.0,49.0,1.0,765.0,364.0,22535541.00840336,8.0,104.0,163.0,0.0,113.0,50.0,1.0,765.0,364.0,8469703.87394958,0.0,0.0,0.0,0.0,0.0,0.0,0.0,0.0,0.0,0.0,51617790.918767504,364.0,765.0,1.0,559.0,175.0,1130.0,1456.0,3060.0,4.0,0.6778761061946903,0.32212389380530976,0.15486725663716813,64326.0,36344.0,480.0,49.0,103.0,4.0,70.0,261.0,113.0,50.0,0.0,0.0,0.7875028715828164
2024-02-18,7,0297,BOGOTA CHICO NORTE TRES,BTA CHICO NORTE TRES,CENTRO,REGION 4,Santafe de Bogota,CL 100 # 17- 13,0.0,4.0,4.0,0.0,4.0,0.0,3.0,383.0,73.0,19816.2268907563,47.0,275.0,383.0,3.0,326.0,54.0,3.0,383.0,73.0,9784701.036414566,8.0,45.0,72.0,0.0,53.0,19.0,3.0,383.0,73.0,2314310.2212885153,0.0,0.0,0.0,0.0,0.0,0.0,0.0,0.0,0.0,0.0,0.0,0.0,0.0,0.0,0.0,0.0,0.0,0.0,0.0,0.0,12118827.484593837,73.0,383.0,3.0,324.0,55.0,459.0,219.0,1149.0,9.0,0.840958605664488,0.15904139433551198,0.11982570806100218,64326.0,36344.0,53.0,19.0,329.0,54.0,4.0,0.0,0.0,0.0,0.0,0.0,0.7875028715828164
2024-02-18,7,0513,CUCUTA AVENIDA 5,CUCUTA AVENIDA 5,CENTRO,REGION 11,Cucuta,AV 5 # 11-69,8.0,62.0,71.0,0.0,70.0,1.0,1.0,687.0,43.0,1403006.2745098039,43.0,167.0,236.0,0.0,228.0,8.0,1.0,687.0,43.0,6994379.521008403,31.0,57.0,92.0,0.0,90.0,2.0,1.0,687.0,43.0,3257536.3865546216,16.0,184.0,234.0,1.0,202.0,31.0,1.0,687.0,43.0,5417370.182072829,8.0,86.0,98.0,0.0,97.0,1.0,1.0,687.0,43.0,2757276.274509804,19829568.63865546,43.0,687.0,1.0,556.0,106.0,731.0,215.0,3435.0,5.0,0.9411764705882353,0.058823529411764705,0.14500683994528044,64326.0,36344.0,90.0,2.0,228.0,8.0,70.0,1.0,203.0,31.0,97.0,1.0,0.7875028715828164
2024-02-18,7,0980,NEIVA CANAIMA,NEIVA CANAIMA,CENTRO,REGION 7,Neiva,CL 21 S #28-36,82.0,188.0,306.0,0.0,270.0,36.0,4.0,914.0,128.0,9968492.12605042,44.0,277.0,349.0,2.0,321.0,26.0,4.0,914.0,128.0,13170501.915966386,32.0,228.0,316.0,1.0,260.0,55.0,4.0,914.0,128.0,10478390.50140056,9.0,55.0,75.0,1.0,63.0,11.0,4.0,914.0,128.0,2331731.74789916,0.0,0.0,0.0,0.0,0.0,0.0,0.0,0.0,0.0,0.0,35949116.291316524,128.0,914.0,4.0,748.0,167.0,1046.0,512.0,3656.0,16.0,0.8776290630975143,0.12237093690248566,0.15965583173996176,64326.0,36344.0,261.0,55.0,323.0,26.0,270.0,36.0,64.0,11.0,0.0,0.0,0.7875028715828164
2024-02-18,7,1000,BOGOTA LA MARIPOSA,BOGOTA LA MARIPOSA,CENTRO,REGION 4,Santafe de Bogota,CL 163A # 5B-10,9.0,109.0,173.0,0.0,121.0,52.0,1.0,669.0,317.0,6547081.708683473,23.0,237.0,332.0,0.0,268.0,64.0,1.0,669.0,317.0,12724173.453781513,14.0,263.0,482.0,1.0,280.0,201.0,1.0,669.0,317.0,16613602.327731092,0.0,0.0,0.0,0.0,0.0,0.0,0.0,0.0,0.0,0.0,0.0,0.0,0.0,0.0,0.0,0.0,0.0,0.0,0.0,0.0,35884857.49019608,317.0,669.0,1.0,609.0,46.0,987.0,951.0,2007.0,3.0,0.6788247213779128,0.3211752786220871,0.04660587639311044,64326.0,36344.0,281.0,201.0,268.0,64.0,121.0,52.0,0.0,0.0,0.0,0.0,0.7875028715828164
2024-02-19,8,0175,SOACHA CENTRO,CENTRO,CENTRO,REGION 3,Soacha,CR 7 # 15-59,28.0,200.0,270.0,0.0,229.0,41.0,0.0,857.0,129.0,8049623.086834734,0.0,0.0,0.0,0.0,0.0,0.0,0.0,0.0,0.0,0.0,62.0,412.0,536.0,0.0,492.0,44.0,0.0,857.0,129.0,16441005.55742297,24.0,110.0,180.0,0.0,136.0,44.0,0.0,857.0,129.0,6548614.49859944,0.0,0.0,0.0,0.0,0.0,0.0,0.0,0.0,0.0,0.0,31039243.14285714,129.0,857.0,0.0,722.0,114.0,986.0,387.0,2571.0,0.0,0.8691683569979716,0.1308316430020284,0.11561866125760649,64326.0,36344.0,492.0,44.0,0.0,0.0,229.0,41.0,136.0,44.0,0.0,0.0,0.8139959432048681
2024-02-19,8,0297,BOGOTA CHICO NORTE TRES,BTA CHICO NORTE TRES,CENTRO,REGION 4,Santafe de Bogota,CL 100 # 17- 13,10.0,102.0,326.0,2.0,112.0,212.0,14.0,653.0,331.0,6740348.0,30.0,168.0,256.0,6.0,192.0,58.0,14.0,653.0,331.0,3361217.7366946777,65.0,286.0,416.0,6.0,349.0,61.0,14.0,653.0,331.0,6569942.492997199,0.0,0.0,0.0,0.0,0.0,0.0,0.0,0.0,0.0,0.0,0.0,0.0,0.0,0.0,0.0,0.0,0.0,0.0,0.0,0.0,16671508.229691878,331.0,653.0,14.0,556.0,105.0,998.0,993.0,1959.0,42.0,0.6683366733466933,0.3316633266533066,0.10521042084168336,64326.0,36344.0,355.0,61.0,198.0,58.0,114.0,212.0,0.0,0.0,0.0,0.0,0.8139959432048681
2024-02-19,8,0513,CUCUTA AVENIDA 5,CUCUTA AVENIDA 5,CENTRO,REGION 11,Cucuta,AV 5 # 11-69,118.0,50.0,202.0,3.0,173.0,26.0,4.0,1130.0,99.0,4423153.302521008,39.0,400.0,489.0,0.0,454.0,35.0,4.0,1130.0,99.0,8034968.406162465,11.0,17.0,28.0,0.0,28.0,0.0,4.0,1130.0,99.0,623763.5574229691,17.0,276.0,330.0,1.0,293.0,36.0,4.0,1130.0,99.0,8186613.030812325,39.0,142.0,184.0,0.0,182.0,2.0,4.0,1130.0,99.0,4533286.238095238,25801784.535014004,99.0,1130.0,4.0,885.0,224.0,1233.0,495.0,5650.0,20.0,0.9197080291970803,0.08029197080291971,0.1816707218167072,64326.0,36344.0,28.0,0.0,454.0,35.0,176.0,26.0,294.0,36.0,182.0,2.0,0.8139959432048681
2024-02-19,8,0980,NEIVA CANAIMA,NEIVA CANAIMA,OCCIDENTE,REGION 7,Neiva,CL 21 S #28-36,5.0,51.0,72.0,0.0,56.0,16.0,5.0,577.0,87.0,2047963.4005602242,11.0,158.0,195.0,1.0,168.0,26.0,5.0,577.0,87.0,6921903.675070028,43.0,306.0,402.0,4.0,353.0,45.0,5.0,577.0,87.0,10072787.11764706,0.0,0.0,0.0,0.0,0.0,0.0,0.0,0.0,0.0,0.0,0.0,0.0,0.0,0.0,0.0,0.0,0.0,0.0,0.0,0.0,19042654.19327731,87.0,577.0,5.0,515.0,59.0,669.0,261.0,1731.0,15.0,0.8699551569506726,0.13004484304932734,0.08819133034379671,64326.0,36344.0,357.0,45.0,169.0,26.0,56.0,16.0,0.0,0.0,0.0,0.0,0.8139959432048681
2024-02-19,8,1000,BOGOTA LA MARIPOSA,BOGOTA LA MARIPOSA,CENTRO,REGION 4,Santafe de Bogota,CL 163A # 5B-10,18.0,230.0,268.0,0.0,252.0,16.0,0.0,773.0,271.0,8362798.226890757,13.0,90.0,115.0,0.0,105.0,10.0,0.0,773.0,271.0,3396512.06442577,46.0,317.0,661.0,0.0,416.0,245.0,0.0,773.0,271.0,15513155.789915966,0.0,0.0,0.0,0.0,0.0,0.0,0.0,0.0,0.0,0.0,0.0,0.0,0.0,0.0,0.0,0.0,0.0,0.0,0.0,0.0,27272466.081232496,271.0,773.0,0.0,637.0,77.0,1044.0,813.0,2319.0,0.0,0.7404214559386973,0.2595785440613027,0.07375478927203065,64326.0,36344.0,416.0,245.0,105.0,10.0,252.0,16.0,0.0,0.0,0.0,0.0,0.8139959432048681
2024-02-06,6,0175,SOACHA CENTRO,CENTRO,CENTRO,REGION 3,Soacha,CR 7 # 15-59,0.0,0.0,0.0,0.0,0.0,0.0,0.0,0.0,0.0,0.0,5.0,71.0,365.0,3.0,73.0,289.0,4.0,336.0,580.0,12593827.50140056,20.0,198.0,491.0,1.0,224.0,266.0,4.0,336.0,580.0,17896691.103641458,2.0,36.0,64.0,0.0,39.0,25.0,4.0,336.0,580.0,2184242.3221288514,0.0,0.0,0.0,0.0,0.0,0.0,0.0,0.0,0.0,0.0,32674760.92717087,580.0,336.0,4.0,305.0,27.0,920.0,1740.0,1008.0,12.0,0.3695652173913043,0.6304347826086957,0.029347826086956522,64326.0,36344.0,225.0,266.0,76.0,289.0,0.0,0.0,39.0,25.0,0.0,0.0,0.24960073009354322
2024-02-06,6,0513,CUCUTA AVENIDA 5,CUCUTA AVENIDA 5,CENTRO,REGION 11,Cucuta,AV 5 # 11-69,0.0,0.0,0.0,0.0,0.0,0.0,0.0,0.0,0.0,0.0,3.0,51.0,576.0,2.0,52.0,522.0,5.0,101.0,1143.0,11359990.834733894,9.0,38.0,305.0,1.0,46.0,258.0,5.0,101.0,1143.0,7589017.159663865,2.0,3.0,368.0,2.0,3.0,363.0,5.0,101.0,1143.0,9366779.490196079,0.0,0.0,0.0,0.0,0.0,0.0,0.0,0.0,0.0,0.0,28315787.48459384,1143.0,101.0,5.0,92.0,14.0,1249.0,3429.0,303.0,15.0,0.08486789431545236,0.9151321056845476,0.01120896717373899,64326.0,36344.0,47.0,258.0,54.0,522.0,0.0,0.0,5.0,363.0,0.0,0.0,0.24960073009354322
2024-02-10,6,0513,CUCUTA AVENIDA 5,CUCUTA AVENIDA 5,CENTRO,REGION 11,Cucuta,AV 5 # 11-69,0.0,0.0,0.0,0.0,0.0,0.0,0.0,0.0,0.0,0.0,1.0,3.0,429.0,3.0,1.0,425.0,4.0,18.0,1067.0,13108799.708683474,0.0,15.0,61.0,0.0,15.0,46.0,4.0,18.0,1067.0,1839177.669467787,1.0,2.0,416.0,1.0,2.0,413.0,4.0,18.0,1067.0,13613254.089635855,0.0,0.0,183.0,0.0,0.0,183.0,4.0,18.0,1067.0,5580305.448179272,34141536.91596639,1067.0,18.0,4.0,20.0,2.0,1089.0,4268.0,72.0,16.0,0.020202020202020204,0.9797979797979798,0.0018365472910927456,64326.0,36344.0,15.0,46.0,4.0,425.0,0.0,0.0,3.0,413.0,0.0,183.0,0.39572781325699186
2024-02-11,6,0513,CUCUTA AVENIDA 5,CUCUTA AVENIDA 5,CENTRO,REGION 11,Cucuta,AV 5 # 11-69,0.0,0.0,0.0,0.0,0.0,0.0,0.0,0.0,0.0,0.0,3.0,5.0,185.0,1.0,7.0,177.0,1.0,11.0,697.0,5797633.56302521,0.0,4.0,37.0,0.0,4.0,33.0,1.0,11.0,697.0,1133402.1596638656,0.0,0.0,234.0,0.0,0.0,234.0,1.0,11.0,697.0,7734769.31372549,0.0,0.0,253.0,0.0,0.0,253.0,1.0,11.0,697.0,5518777.4845938375,20184582.521008402,697.0,11.0,1.0,9.0,3.0,709.0,2788.0,44.0,4.0,0.01692524682651622,0.9830747531734838,0.004231311706629055,64326.0,36344.0,4.0,33.0,8.0,177.0,0.0,0.0,0.0,234.0,0.0,253.0,0.33207902163687675
2024-02-12,7,0513,CUCUTA AVENIDA 5,CUCUTA AVENIDA 5,CENTRO,REGION 11,Cucuta,AV 5 # 11-69,0.0,0.0,0.0,0.0,0.0,0.0,0.0,0.0,0.0,0.0,0.0,2.0,361.0,2.0,0.0,359.0,2.0,8.0,1152.0,9227967.18487395,3.0,3.0,179.0,0.0,6.0,173.0,2.0,8.0,1152.0,3623705.030812325,0.0,0.0,226.0,0.0,0.0,226.0,2.0,8.0,1152.0,4284703.69187675,0.0,2.0,396.0,0.0,2.0,394.0,2.0,8.0,1152.0,7582710.305322129,24719086.212885153,1152.0,8.0,2.0,7.0,3.0,1162.0,4608.0,32.0,8.0,0.008605851979345954,0.9913941480206541,0.0025817555938037868,64326.0,36344.0,6.0,173.0,2.0,359.0,0.0,0.0,0.0,226.0,2.0,394.0,0.39727748691099474
2024-02-13,7,0513,CUCUTA AVENIDA 5,CUCUTA AVENIDA 5,CENTRO,REGION 11,Cucuta,AV 5 # 11-69,0.0,0.0,0.0,0.0,0.0,0.0,0.0,0.0,0.0,0.0,21.0,248.0,508.0,3.0,271.0,234.0,4.0,666.0,450.0,10638971.728291316,2.0,33.0,68.0,0.0,36.0,32.0,4.0,666.0,450.0,1045381.5602240897,3.0,79.0,207.0,0.0,83.0,124.0,4.0,666.0,450.0,5312568.464985995,18.0,239.0,337.0,1.0,276.0,60.0,4.0,666.0,450.0,7170272.389355742,24167194.14285714,450.0,666.0,4.0,599.0,44.0,1120.0,1800.0,2664.0,16.0,0.5982142857142857,0.4017857142857143,0.039285714285714285,64326.0,36344.0,36.0,32.0,274.0,234.0,0.0,0.0,83.0,124.0,277.0,60.0,0.6812878133102852
2024-02-14,7,0513,CUCUTA AVENIDA 5,CUCUTA AVENIDA 5,CENTRO,REGION 11,Cucuta,AV 5 # 11-69,0.0,0.0,0.0,0.0,0.0,0.0,0.0,0.0,0.0,0.0,47.0,443.0,569.0,1.0,504.0,64.0,6.0,964.0,103.0,11798416.75070028,9.0,171.0,189.0,1.0,181.0,7.0,6.0,964.0,103.0,3073408.1708683474,12.0,158.0,186.0,1.0,172.0,13.0,6.0,964.0,103.0,3605833.2324929973,12.0,95.0,129.0,3.0,107.0,19.0,6.0,964.0,103.0,2307753.0840336136,20785411.23809524,103.0,964.0,6.0,867.0,80.0,1073.0,412.0,3856.0,24.0,0.9040074557315937,0.09599254426840634,0.07455731593662628,64326.0,36344.0,182.0,7.0,505.0,64.0,0.0,0.0,173.0,13.0,110.0,19.0,0.672428694900605
